{"accuracy": 0.1798415330753639, "macro_precision": 0.24603093886298982, "macro_recall": 0.21523956095016236, "macro_f1": 0.2243087875994353, "micro_precision": 0.4150032195750161, "micro_recall": 0.40733133196397536, "micro_f1": 0.4111314887170082, "weighted_precision": 0.4065148873968515, "weighted_recall": 0.40733133196397536, "weighted_f1": 0.4019733296880065, "admiration_accuracy": 0.9290584116454763, "admiration_precision": 0.6361556064073226, "admiration_recall": 0.5515873015873016, "admiration_f1": 0.5908607863974495, "amusement_accuracy": 0.9764142251704441, "amusement_precision": 0.7361111111111112, "amusement_recall": 0.803030303030303, "amusement_f1": 0.7681159420289856, "anger_accuracy": 0.9635157545605307, "anger_precision": 0.0, "anger_recall": 0.0, "anger_f1": 0.0, "annoyance_accuracy": 0.9410355629261102, "annoyance_precision": 0.0, "annoyance_recall": 0.0, "annoyance_f1": 0.0, "approval_accuracy": 0.9353233830845771, "approval_precision": 0.0, "approval_recall": 0.0, "approval_f1": 0.0, "caring_accuracy": 0.9751243781094527, "caring_precision": 0.0, "caring_recall": 0.0, "caring_f1": 0.0, "confusion_accuracy": 0.9718076285240465, "confusion_precision": 0.0, "confusion_recall": 0.0, "confusion_f1": 0.0, "curiosity_accuracy": 0.9450893679749401, "curiosity_precision": 0.47586206896551725, "curiosity_recall": 0.4859154929577465, "curiosity_f1": 0.4808362369337979, "desire_accuracy": 0.9852588907315275, "desire_precision": 0.5517241379310345, "desire_recall": 0.1927710843373494, "desire_f1": 0.28571428571428575, "disappointment_accuracy": 0.9721761562557583, "disappointment_precision": 0.0, "disappointment_recall": 0.0, "disappointment_f1": 0.0, "disapproval_accuracy": 0.9508015478164732, "disapproval_precision": 0.0, "disapproval_recall": 0.0, "disapproval_f1": 0.0, "disgust_accuracy": 0.9773355444997236, "disgust_precision": 0.0, "disgust_recall": 0.0, "disgust_f1": 0.0, "embarrassment_accuracy": 0.9931822369633315, "embarrassment_precision": 0.0, "embarrassment_recall": 0.0, "embarrassment_f1": 0.0, "excitement_accuracy": 0.9810208218168417, "excitement_precision": 0.0, "excitement_recall": 0.0, "excitement_f1": 0.0, "fear_accuracy": 0.9856274184632393, "fear_precision": 0.0, "fear_recall": 0.0, "fear_f1": 0.0, "gratitude_accuracy": 0.9898654873779252, "gratitude_precision": 0.9432835820895522, "gratitude_recall": 0.8977272727272727, "gratitude_f1": 0.9199417758369723, "grief_accuracy": 0.9988944168048646, "grief_precision": 0.0, "grief_recall": 0.0, "grief_f1": 0.0, "joy_accuracy": 0.9753086419753086, "joy_precision": 0.6097560975609756, "joy_recall": 0.4658385093167702, "joy_f1": 0.528169014084507, "love_accuracy": 0.9782568638290031, "love_precision": 0.7459016393442623, "love_recall": 0.7647058823529411, "love_f1": 0.7551867219917013, "nervousness_accuracy": 0.9957619310853142, "nervousness_precision": 0.0, "nervousness_recall": 0.0, "nervousness_f1": 0.0, "optimism_accuracy": 0.9730974755850378, "optimism_precision": 0.6886792452830188, "optimism_recall": 0.3924731182795699, "optimism_f1": 0.4999999999999999, "pride_accuracy": 0.9970517781463055, "pride_precision": 0.0, "pride_recall": 0.0, "pride_f1": 0.0, "realization_accuracy": 0.9732817394508937, "realization_precision": 0.0, "realization_recall": 0.0, "realization_f1": 0.0, "relief_accuracy": 0.997973097475585, "relief_precision": 0.0, "relief_recall": 0.0, "relief_f1": 0.0, "remorse_accuracy": 0.992260917634052, "remorse_precision": 0.609375, "remorse_recall": 0.6964285714285714, "remorse_f1": 0.65, "sadness_accuracy": 0.9734660033167496, "sadness_precision": 0.5681818181818182, "sadness_recall": 0.32051282051282054, "sadness_f1": 0.4098360655737705, "surprise_accuracy": 0.9740187949143173, "surprise_precision": 0.0, "surprise_recall": 0.0, "surprise_f1": 0.0, "neutral_accuracy": 0.6123088262391745, "neutral_precision": 0.0, "neutral_recall": 0.0, "neutral_f1": 0.0}